ddg,fa_rep,res_totalscore,totalscore,O1_hbond,O2_hbond,N1_hbond,N2_hbond,tag
-21.769676208496094,77.83373260498047,-0.7190525531768799,-75.50051879882812,0,0,0,0,result_9_packed_3_1
-11.826141357421875,83.51740264892578,-1.3344135284423828,-144.1166534423828,0,0,0,0,result_2_packed_3_1
-17.53154945373535,86.03373718261719,-1.1849455833435059,-127.97412872314453,0,0,0,0,result_2_packed_1_1
-23.326234817504883,74.16826629638672,-0.7641341090202332,-80.23407745361328,0,0,0,0,result_9_packed_1_1
-18.85409164428711,72.07003784179688,-0.9881563782691956,-103.75641632080078,0,0,0,0,result_9_packed_4_1
-18.919435501098633,75.80269622802734,-1.5098240375518799,-170.610107421875,0,0,0,0,result_24_packed_2_1
-14.566509246826172,86.75223541259766,-1.3062355518341064,-141.0734405517578,0,0,0,0,result_2_packed_4_1
-16.358041763305664,77.6657485961914,-0.8276707530021667,-86.90542602539062,0,0,0,0,result_9_packed_2_1
-10.205384254455566,79.20235443115234,-1.2792112827301025,-162.4598388671875,0,0,0,0,result_3_packed_7_1
-20.956981658935547,73.81864929199219,-1.721327781677246,-194.51004028320312,0,0,0,0,result_24_packed_8_1
-21.830705642700195,70.65679168701172,-0.9167089462280273,-96.25444030761719,0,0,0,0,result_9_packed_8_1
-4.294188499450684,87.20918273925781,-1.2113163471221924,-129.61085510253906,0,0,0,0,result_30_packed_7_1
-16.31847381591797,99.58129119873047,-1.2909048795700073,-139.417724609375,0,0,0,0,result_2_packed_7_1
-9.126326560974121,92.21040344238281,-1.1542752981185913,-124.66173553466797,0,0,0,0,result_2_packed_8_1
-9.862603187561035,71.23893737792969,-1.3766822814941406,-139.04490661621094,0,0,0,0,result_11_packed_6_1
-10.705414772033691,107.70561981201172,-1.2452493906021118,-154.41091918945312,0,1,0,0,result_17_packed_1_1
-10.881403923034668,89.37052917480469,-1.1854065656661987,-131.5801239013672,0,0,0,0,result_50_packed_8_1
-14.007596969604492,73.26800537109375,-1.4736093282699585,-187.14837646484375,0,0,0,0,result_3_packed_2_1
-18.853843688964844,89.65154266357422,-1.3048129081726074,-140.9197998046875,0,0,0,0,result_2_packed_5_1
-13.576757431030273,80.01656341552734,-1.5756709575653076,-159.14276123046875,0,0,0,0,result_11_packed_3_1
-21.18203353881836,72.32627868652344,-0.6361666321754456,-66.79749298095703,0,0,0,0,result_9_packed_5_1
-21.25879669189453,73.48712158203125,-0.8621932864189148,-90.53028869628906,0,0,0,0,result_9_packed_7_1
-14.391498565673828,105.42953491210938,-1.1237083673477173,-121.36050415039062,0,0,0,0,result_2_packed_6_1
-17.055099487304688,87.96871948242188,-1.3254139423370361,-143.1446990966797,0,0,0,0,result_2_packed_2_1
-4.961670875549316,73.62663269042969,-1.1672677993774414,-148.24301147460938,0,0,0,0,result_3_packed_4_1
-15.552996635437012,88.74134826660156,-1.09087073802948,-116.7231674194336,0,0,0,0,result_10_packed_1_1
-9.144822120666504,85.60687255859375,-1.4210491180419922,-180.47323608398438,0,0,0,0,result_3_packed_6_1
-15.706853866577148,77.64262390136719,-1.6254072189331055,-164.1661376953125,0,0,0,0,result_11_packed_8_1
-11.355183601379395,73.71671295166016,-1.4259698390960693,-181.09815979003906,0,0,0,0,result_3_packed_8_1
-9.677336692810059,81.52399444580078,-1.2495464086532593,-158.69239807128906,0,0,0,0,result_3_packed_3_1
-19.285507202148438,81.77964782714844,-1.5216180086135864,-161.29150390625,0,0,0,0,result_29_packed_3_1
-9.509392738342285,68.67503356933594,-1.4386835098266602,-145.30703735351562,0,0,0,0,result_11_packed_1_1
-11.92371940612793,82.55247497558594,-1.3330410718917847,-141.30235290527344,0,0,0,0,result_4_packed_6_1
-10.713607788085938,69.6066665649414,-1.4793082475662231,-170.12045288085938,0,0,0,0,result_25_packed_5_1
-15.683961868286133,76.37138366699219,-1.3843036890029907,-148.12049865722656,0,0,0,0,result_10_packed_6_1
-14.593147277832031,84.76907348632812,-1.394567847251892,-149.21875,0,0,0,0,result_10_packed_3_1
-15.820442199707031,74.21692657470703,-1.5427838563919067,-171.24900817871094,0,0,0,0,result_59_packed_4_1
-9.121113777160645,101.3783950805664,-1.5729749202728271,-201.34078979492188,0,0,0,0,result_5_packed_2_1
-22.979652404785156,77.48989868164062,-0.9171202778816223,-96.2976303100586,0,0,0,0,result_9_packed_6_1
-19.718063354492188,73.0743637084961,-1.7751468420028687,-200.5915985107422,0,0,0,0,result_24_packed_5_1
-3.8008980751037598,88.16934204101562,-1.24130117893219,-132.81922912597656,0,0,0,0,result_30_packed_3_1
-11.07937240600586,69.17291259765625,-1.58052396774292,-181.76026916503906,0,0,0,0,result_25_packed_6_1
-11.683530807495117,78.8177490234375,-1.5867019891738892,-160.25689697265625,0,0,0,0,result_11_packed_7_1
-11.539024353027344,74.6349868774414,-1.2676243782043457,-160.98829650878906,0,0,0,0,result_3_packed_1_1
-12.231880187988281,79.5026626586914,-1.4545921087265015,-155.641357421875,0,1,0,0,result_26_packed_7_1
-22.682109832763672,75.38872528076172,-1.6754481792449951,-177.59751892089844,0,0,0,0,result_29_packed_7_1
-5.557792663574219,90.56973266601562,-1.578542947769165,-168.9040985107422,0,0,0,0,result_30_packed_4_1
-12.775308609008789,91.48870086669922,-1.3309794664382935,-145.07675170898438,0,1,0,0,result_53_packed_3_1
-13.416186332702637,73.99773406982422,-1.3241506814956665,-133.73922729492188,0,0,0,0,result_11_packed_4_1
-13.972633361816406,75.83164978027344,-1.388259768486023,-148.54379272460938,0,0,0,0,result_10_packed_2_1
-14.951242446899414,71.09857177734375,-1.4761606454849243,-169.7584686279297,0,0,0,0,result_25_packed_2_1
-13.826850891113281,80.6595687866211,-1.7674763202667236,-189.11996459960938,0,0,0,0,result_26_packed_8_1
-18.9168643951416,70.80184936523438,-1.3694077730178833,-145.1572265625,0,0,0,0,result_29_packed_4_1
-18.9449520111084,71.57362365722656,-1.5116182565689087,-161.74314880371094,0,0,0,0,result_55_packed_5_1
-1.7709357738494873,70.58988952636719,-1.4556804895401,-167.40325927734375,0,0,0,0,result_25_packed_8_1
-16.50864601135254,73.72623443603516,-1.6139501333236694,-171.07872009277344,0,0,0,0,result_29_packed_8_1
-17.687580108642578,72.57144165039062,-1.5334696769714355,-164.0812530517578,0,0,0,0,result_10_packed_5_1
-17.66437339782715,77.47382354736328,-1.6604520082473755,-176.00791931152344,0,0,0,0,result_29_packed_5_1
-17.039203643798828,79.58911895751953,-1.693618893623352,-179.5236053466797,0,0,0,0,result_29_packed_2_1
-8.351973533630371,97.09696197509766,-1.137600302696228,-119.44803619384766,0,0,0,0,result_57_packed_4_1
-12.353002548217773,86.10266876220703,-1.5057053565979004,-161.1104736328125,0,0,0,0,result_26_packed_1_1
-14.310712814331055,72.06262969970703,-1.3786544799804688,-146.1373748779297,0,0,0,0,result_4_packed_5_1
-20.29206657409668,68.64724731445312,-1.709946632385254,-193.22396850585938,0,0,0,0,result_24_packed_3_1
-2.9665486812591553,69.9314193725586,-0.9322742819786072,-103.4824447631836,0,0,0,0,result_48_packed_6_1
-15.967564582824707,80.69942474365234,-1.477328896522522,-156.59686279296875,0,0,0,0,result_4_packed_8_1
-14.291069984436035,75.286865234375,-1.833540678024292,-203.52301025390625,0,0,0,0,result_20_packed_2_1
-11.147984504699707,99.41973114013672,-1.025418996810913,-107.66899108886719,0,0,0,0,result_57_packed_1_1
-4.284317493438721,87.86531066894531,-1.230845332145691,-131.70045471191406,0,0,0,0,result_30_packed_5_1
-10.016406059265137,70.05701446533203,-0.9003605842590332,-93.63750457763672,0,0,0,0,result_44_packed_6_1
-8.474383354187012,69.43147277832031,-1.4436777830123901,-166.02294921875,0,0,0,0,result_25_packed_3_1
-14.076702117919922,82.77391052246094,-1.4581607580184937,-156.02320861816406,0,0,0,0,result_10_packed_7_1
-16.64247703552246,72.78404998779297,-1.5866535902023315,-168.18528747558594,0,0,0,0,result_29_packed_1_1
-19.29279136657715,83.30668640136719,-1.6616319417953491,-177.79461669921875,0,0,0,0,result_10_packed_4_1
-9.319014549255371,102.77859497070312,-1.292877435684204,-160.31680297851562,0,1,0,0,result_17_packed_4_1
-17.972063064575195,77.35053253173828,-1.3982716798782349,-148.216796875,0,0,0,0,result_4_packed_1_1
-7.645139694213867,77.4485855102539,-1.2055920362472534,-133.82070922851562,0,0,0,0,result_48_packed_4_1
-8.462568283081055,70.64266204833984,-1.2097296714782715,-142.74810791015625,0,0,0,0,result_56_packed_1_1
-11.646308898925781,82.47647857666016,-1.5082054138183594,-161.3779754638672,0,0,0,0,result_26_packed_2_1
-13.895033836364746,78.5263671875,-1.5692968368530273,-199.3007049560547,0,0,0,0,result_3_packed_5_1
-18.452573776245117,73.17930603027344,-1.5236366987228394,-161.50547790527344,0,0,0,0,result_4_packed_3_1
-15.43768310546875,76.40502166748047,-1.2880350351333618,-136.53170776367188,0,0,0,0,result_4_packed_7_1
-6.404902458190918,68.21159362792969,-1.2871040105819702,-151.87826538085938,0,0,0,0,result_56_packed_6_1
-17.547761917114258,94.04096984863281,-1.3433934450149536,-158.5204315185547,0,0,0,0,result_43_packed_7_1
-14.198836326599121,98.64018249511719,-1.6148972511291504,-206.70684814453125,0,1,0,0,result_5_packed_3_1
-17.939512252807617,78.49332427978516,-1.8049707412719727,-200.3517608642578,0,0,0,0,result_20_packed_8_1
-8.631693840026855,79.70922088623047,-1.3948737382888794,-149.25149536132812,0,0,0,0,result_26_packed_6_1
-18.066356658935547,76.26653289794922,-1.5069972276687622,-159.74171447753906,0,0,0,0,result_29_packed_6_1
-19.13027572631836,77.25211334228516,-1.3726439476013184,-145.50025939941406,0,0,0,0,result_4_packed_4_1
-17.29325294494629,67.82826232910156,-1.694724678993225,-181.33554077148438,0,0,0,0,result_55_packed_3_1
-11.85590934753418,78.57090759277344,-1.3635568618774414,-137.71923828125,0,0,0,0,result_11_packed_5_1
-14.982818603515625,79.41340637207031,-1.9401428699493408,-215.35586547851562,0,0,0,0,result_20_packed_7_1
-8.827119827270508,81.32683563232422,-1.004626989364624,-111.51359558105469,0,0,0,0,result_48_packed_8_1
-16.44733238220215,78.28398132324219,-1.5534188747406006,-166.2158203125,0,0,0,0,result_10_packed_8_1
-20.236934661865234,76.70624542236328,-1.4891778230667114,-168.277099609375,0,0,0,0,result_24_packed_6_1
-21.657878875732422,69.36296081542969,-1.2145005464553833,-126.30805206298828,0,0,0,0,result_44_packed_3_1
-17.417287826538086,68.19302368164062,-1.1675666570663452,-121.42693328857422,0,0,0,0,result_44_packed_7_1
-8.50670337677002,92.98015594482422,-1.2083566188812256,-129.29415893554688,0,0,0,0,result_30_packed_6_1
-10.096200942993164,74.97909545898438,-1.3991146087646484,-160.89817810058594,0,0,0,0,result_25_packed_7_1
-3.9939725399017334,85.65573120117188,-1.096173882484436,-117.29061126708984,0,0,0,0,result_30_packed_2_1
-8.975678443908691,73.1771240234375,-1.2435382604599,-146.7375030517578,0,0,0,0,result_56_packed_2_1
-10.761935234069824,90.0861587524414,-1.4347954988479614,-153.5231170654297,0,0,0,0,result_26_packed_5_1
-14.046318054199219,84.00519561767578,-1.7085641622543335,-182.8163604736328,0,1,0,0,result_26_packed_4_1
-13.324584007263184,95.31360626220703,-1.6462327241897583,-210.71778869628906,0,1,0,0,result_5_packed_8_1
-1.7256730794906616,75.67638397216797,-0.8373313546180725,-92.94377899169922,0,0,0,0,result_48_packed_5_1
-16.554677963256836,97.24588012695312,-1.0836777687072754,-127.87397766113281,0,0,0,0,result_43_packed_6_1
-6.5719428062438965,73.04157257080078,-1.377756118774414,-162.57521057128906,0,0,0,0,result_56_packed_4_1
-21.1905460357666,77.57869720458984,-1.2544763088226318,-144.2647705078125,0,0,0,0,result_54_packed_5_1
-18.94788360595703,74.76750946044922,-1.562683343887329,-176.58322143554688,0,0,0,0,result_24_packed_1_1
-9.995382308959961,69.10424041748047,-1.6738553047180176,-192.4933624267578,0,0,0,0,result_25_packed_1_1
-10.252157211303711,104.19963836669922,-1.2501661777496338,-155.02059936523438,0,1,0,0,result_17_packed_3_1
-11.169636726379395,91.03388977050781,-1.1203949451446533,-117.64146423339844,0,0,0,0,result_57_packed_3_1
-21.156240463256836,66.2557373046875,-1.7862319946289062,-198.27174377441406,0,0,0,0,result_59_packed_6_1
-8.174895286560059,78.2937240600586,-1.7398405075073242,-193.12229919433594,0,0,0,0,result_20_packed_3_1
-8.107193946838379,74.58353424072266,-1.4110441207885742,-166.50320434570312,0,0,0,0,result_56_packed_7_1
-20.95639991760254,75.09080505371094,-1.8108607530593872,-204.6272735595703,0,0,0,0,result_24_packed_7_1
-13.141937255859375,91.05123901367188,-1.6148258447647095,-206.6977081298828,0,1,0,0,result_5_packed_1_1
-8.437746047973633,73.63863372802734,-1.3273643255233765,-156.62899780273438,0,0,0,0,result_56_packed_8_1
-4.993473052978516,71.29159545898438,-1.0743377208709717,-119.2514877319336,0,0,0,0,result_48_packed_1_1
-17.14359474182129,76.96321868896484,-1.5251091718673706,-154.03602600097656,0,0,0,0,result_11_packed_2_1
-5.0445966720581055,74.77879333496094,-0.8789967894554138,-97.56864166259766,0,0,0,0,result_48_packed_2_1
-19.053234100341797,77.94322204589844,-1.2496631145477295,-129.9649658203125,0,0,0,0,result_44_packed_8_1
-22.405994415283203,70.00028991699219,-1.6248493194580078,-180.3582763671875,0,0,0,0,result_59_packed_1_1
-13.14339828491211,89.17727661132812,-1.1895145177841187,-132.03610229492188,0,0,0,0,result_50_packed_3_1
-2.6411898136138916,77.66898345947266,-0.9082099199295044,-100.8113021850586,0,0,0,0,result_48_packed_3_1
-6.531135559082031,115.29983520507812,-1.0339802503585815,-108.56793212890625,0,0,0,0,result_57_packed_7_1
-5.243765354156494,67.13434600830078,-1.5238227844238281,-179.8110809326172,0,0,0,0,result_56_packed_3_1
-5.189094543457031,78.89723205566406,-0.9263754487037659,-102.82767486572266,0,0,0,0,result_48_packed_7_1
-12.79823112487793,95.63949584960938,-1.649806022644043,-211.1751708984375,0,1,0,0,result_5_packed_4_1
-22.243934631347656,79.53858947753906,-1.212340235710144,-139.41912841796875,0,0,0,0,result_54_packed_3_1
-10.67555046081543,102.38330841064453,-1.282518744468689,-159.03231811523438,0,1,0,0,result_17_packed_2_1
-8.680563926696777,87.8564453125,-1.4323780536651611,-153.2644500732422,0,0,0,0,result_30_packed_1_1
-20.355863571166992,69.71124267578125,-1.7081513404846191,-182.77220153808594,0,0,0,0,result_55_packed_1_1
-19.6289005279541,75.59200286865234,-1.0875165462493896,-115.2767562866211,0,0,0,0,result_4_packed_2_1
-11.360457420349121,99.48661804199219,-1.0996265411376953,-115.4607925415039,0,0,0,0,result_57_packed_8_1
-3.534846782684326,83.14950561523438,-1.1243705749511719,-120.30765533447266,0,0,0,0,result_30_packed_8_1
-17.81431770324707,67.5776138305664,-1.528781533241272,-163.57962036132812,0,0,0,0,result_55_packed_8_1
-6.169539451599121,84.90916442871094,-1.216247797012329,-143.51724243164062,0,0,0,0,result_56_packed_5_1
-12.492992401123047,88.02356719970703,-1.576233148574829,-184.4192657470703,1,0,0,0,result_13_packed_3_1
-18.505691528320312,67.24329376220703,-1.7316557168960571,-185.2871551513672,0,0,0,0,result_55_packed_7_1
-12.193435668945312,80.09648132324219,-1.7381207942962646,-192.93141174316406,0,0,0,0,result_20_packed_5_1
-20.95257568359375,70.23817443847656,-1.2863675355911255,-133.78221130371094,0,0,0,0,result_44_packed_4_1
-11.226869583129883,101.00387573242188,-1.7287545204162598,-221.28057861328125,0,1,0,0,result_5_packed_7_1
-4.518655300140381,94.24636840820312,-1.0581251382827759,-117.45189666748047,0,0,0,0,result_50_packed_4_1
-25.547805786132812,102.52163696289062,-1.6101802587509155,-202.88270568847656,0,0,0,0,result_7_packed_2_1
-10.988309860229492,99.47052001953125,-1.4533132314682007,-186.0240936279297,0,1,0,0,result_5_packed_5_1
-10.45689868927002,84.472900390625,-1.64719557762146,-204.2522430419922,0,1,0,0,result_17_packed_7_1
-5.907393455505371,96.06568145751953,-1.0601832866668701,-111.31925201416016,0,0,0,0,result_57_packed_6_1
-27.040189743041992,69.21409606933594,-1.0826917886734009,-112.59994506835938,0,0,0,0,result_44_packed_2_1
-16.207870483398438,95.8323974609375,-1.491278052330017,-162.54931640625,1,1,0,0,result_53_packed_1_1
-18.819976806640625,64.60741424560547,-1.6685736179351807,-185.211669921875,0,0,0,0,result_59_packed_2_1
-25.646230697631836,100.68949890136719,-1.2345210313796997,-155.54965209960938,0,0,0,0,result_7_packed_6_1
-16.464365005493164,72.04708099365234,-1.302422285079956,-135.45191955566406,0,0,0,0,result_44_packed_5_1
-9.676251411437988,87.03543090820312,-1.4258992671966553,-176.81150817871094,0,0,0,0,result_15_packed_5_1
-14.150564193725586,70.22015380859375,-1.6852315664291382,-193.8016357421875,0,0,0,0,result_25_packed_4_1
-11.399672508239746,98.74470520019531,-1.1100438833236694,-116.55460357666016,1,0,0,0,result_57_packed_2_1
-19.940771102905273,66.30757904052734,-1.6382226943969727,-175.28982543945312,1,0,0,0,result_55_packed_2_1
-8.108922004699707,87.47740936279297,-1.4592293500900269,-170.72982788085938,0,0,0,0,result_13_packed_2_1
-19.126880645751953,67.39207458496094,-1.7564523220062256,-187.94039916992188,0,0,0,0,result_55_packed_4_1
-10.919234275817871,187.7251434326172,0.2957111895084381,34.00678634643555,0,0,0,0,result_42_packed_1_1
-20.32427978515625,65.8091049194336,-1.6772209405899048,-186.17152404785156,0,0,0,0,result_59_packed_8_1
-14.75499153137207,90.1247329711914,-1.4120603799819946,-165.2110595703125,1,0,0,0,result_13_packed_6_1
-7.2464494705200195,104.46987915039062,-1.0959100723266602,-115.070556640625,0,0,0,0,result_57_packed_5_1
-12.450742721557617,77.00205993652344,-1.8730112314224243,-207.9042510986328,0,0,0,0,result_20_packed_1_1
-9.419389724731445,110.43719482421875,-1.3230621814727783,-164.05970764160156,0,1,0,0,result_17_packed_8_1
-7.91732120513916,98.19132232666016,-1.3306814432144165,-145.04428100585938,0,1,0,0,result_53_packed_4_1
-18.04973793029785,90.01765441894531,-1.666922926902771,-213.3661346435547,0,1,0,0,result_5_packed_6_1
-12.996102333068848,93.36038970947266,-1.3696401119232178,-152.03005981445312,0,0,0,0,result_50_packed_5_1
-18.560550689697266,66.58951568603516,-1.607036828994751,-178.38108825683594,0,0,0,0,result_59_packed_5_1
-19.784568786621094,75.68448638916016,-1.6149370670318604,-182.48789978027344,0,0,0,0,result_24_packed_4_1
-10.156017303466797,86.46167755126953,-1.7502497434616089,-187.27671813964844,1,0,0,0,result_26_packed_3_1
-12.878616333007812,84.47329711914062,-1.522432565689087,-165.94515991210938,0,1,0,0,result_53_packed_8_1
-17.336000442504883,82.61752319335938,-1.6497589349746704,-204.5701141357422,0,0,0,0,result_15_packed_1_1
-11.124046325683594,190.80262756347656,0.3139438331127167,36.10354232788086,0,0,0,0,result_42_packed_3_1
-12.416608810424805,90.06314849853516,-1.388308048248291,-162.4320526123047,2,0,0,0,result_13_packed_1_1
-19.798263549804688,83.1059341430664,-1.1217831373214722,-129.00506591796875,0,1,0,0,result_54_packed_7_1
-20.73345184326172,66.94776153564453,-1.5252459049224854,-169.3022918701172,0,0,0,0,result_59_packed_3_1
-22.00095558166504,79.54823303222656,-1.353219985961914,-155.62030029296875,0,1,0,0,result_54_packed_1_1
-12.58808422088623,85.69834899902344,-1.6584573984146118,-184.08877563476562,0,0,0,0,result_20_packed_6_1
-22.330299377441406,83.32685852050781,-1.1403436660766602,-131.1395263671875,0,0,0,0,result_54_packed_8_1
-17.795867919921875,86.24436950683594,-1.4285635948181152,-177.1418914794922,0,1,0,0,result_15_packed_3_1
-21.16301918029785,74.05198669433594,-1.2759981155395508,-146.7397918701172,0,0,0,0,result_54_packed_6_1
-9.018769264221191,85.67236328125,-1.4438023567199707,-157.37445068359375,0,1,0,0,result_53_packed_5_1
-20.159587860107422,69.6103515625,-1.7268511056900024,-191.6804656982422,1,0,0,0,result_59_packed_7_1
-17.893077850341797,87.92606353759766,-1.5200488567352295,-199.12640380859375,0,0,0,0,result_51_packed_5_1
-20.791061401367188,81.54276275634766,-1.0982071161270142,-126.2938232421875,0,1,0,0,result_54_packed_2_1
-6.486453533172607,102.99060821533203,-1.3462228775024414,-166.931640625,0,1,0,0,result_17_packed_6_1
-16.2434024810791,124.84478759765625,-0.48053157329559326,-55.26112747192383,1,0,0,0,result_42_packed_5_1
-15.678643226623535,107.99330139160156,-1.320285677909851,-166.35598754882812,0,0,0,0,result_7_packed_7_1
-19.720983505249023,181.39781188964844,0.1125691831111908,12.945456504821777,0,0,0,0,result_42_packed_6_1
-10.70783805847168,95.7055892944336,-1.1841074228286743,-138.5405731201172,0,0,0,0,result_13_packed_5_1
-12.443315505981445,67.5793685913086,-1.3004050254821777,-131.34091186523438,0,0,0,0,result_58_packed_8_1
-20.261600494384766,80.92327117919922,-1.1569852828979492,-120.32646942138672,0,0,0,0,result_44_packed_1_1
-13.141812324523926,94.97342681884766,-1.4415881633758545,-170.10740661621094,0,0,0,0,result_43_packed_5_1
-17.592891693115234,189.2574005126953,0.07564746588468552,8.699459075927734,1,0,0,0,result_42_packed_8_1
-19.384662628173828,113.10377502441406,-0.8157766461372375,-93.81431579589844,0,0,0,0,result_42_packed_4_1
-23.823253631591797,103.836669921875,-1.4290711879730225,-180.06297302246094,0,0,0,0,result_7_packed_4_1
-22.44831657409668,71.65589141845703,-1.252546787261963,-126.50723266601562,0,0,0,0,result_58_packed_1_1
-16.91474723815918,71.04939270019531,-1.1052740812301636,-111.63267517089844,0,0,0,0,result_58_packed_4_1
-18.338468551635742,82.89163970947266,-1.4649384021759033,-181.65235900878906,0,0,0,0,result_15_packed_7_1
-10.887673377990723,98.99609375,-0.9965644478797913,-110.61865234375,0,0,0,0,result_50_packed_2_1
-6.146421909332275,101.43258666992188,-1.162755012512207,-129.0657958984375,0,0,0,0,result_50_packed_7_1
-15.508223533630371,91.59300994873047,-1.4716870784759521,-192.79100036621094,1,0,0,0,result_51_packed_4_1
-18.95609474182129,81.80998229980469,-1.2782601118087769,-157.2259979248047,0,0,0,0,result_14_packed_7_1
-17.98937225341797,90.01191711425781,-1.6231615543365479,-201.27203369140625,0,1,0,0,result_15_packed_2_1
-13.387344360351562,67.0140380859375,-1.4399279356002808,-164.15179443359375,0,1,0,0,result_52_packed_2_1
-16.287187576293945,71.31199645996094,-1.056327223777771,-106.68904876708984,0,0,0,0,result_58_packed_7_1
-10.937681198120117,84.20733642578125,-1.5246257781982422,-189.0535888671875,0,0,0,0,result_15_packed_8_1
-10.568235397338867,93.98725891113281,-1.4535675048828125,-158.43885803222656,0,1,0,0,result_53_packed_7_1
-27.749462127685547,95.80596923828125,-1.583578109741211,-199.5308380126953,0,0,0,0,result_7_packed_3_1
-16.754438400268555,101.24818420410156,-1.6897047758102417,-199.38516235351562,0,0,0,0,result_43_packed_4_1
-19.591989517211914,71.73130798339844,-0.997616708278656,-100.75928497314453,0,0,0,0,result_58_packed_3_1
-15.646777153015137,177.5999755859375,0.42168688774108887,48.49399185180664,0,0,0,0,result_42_packed_7_1
-11.380477905273438,77.89588165283203,-1.1829243898391724,-119.47535705566406,0,1,0,0,result_58_packed_5_1
-19.954933166503906,89.52220153808594,-1.164279580116272,-133.89215087890625,0,0,0,0,result_54_packed_4_1
-13.435800552368164,89.5186996459961,-1.5757194757461548,-185.93490600585938,0,0,0,0,result_43_packed_2_1
-13.627490043640137,101.15364837646484,-1.0318231582641602,-114.5323715209961,0,0,0,0,result_50_packed_1_1
-13.52412223815918,87.260498046875,-1.3367204666137695,-175.11038208007812,0,0,0,0,result_51_packed_3_1
-13.688756942749023,90.5576171875,-1.4513238668441772,-179.9641571044922,0,2,0,0,result_15_packed_6_1
-14.511407852172852,97.82308959960938,-1.4129291772842407,-166.72564697265625,0,0,0,0,result_43_packed_1_1
-10.784010887145996,65.26649475097656,-1.2385978698730469,-125.09838104248047,0,0,0,0,result_58_packed_6_1
-25.499530792236328,123.50865173339844,-1.2266654968261719,-154.5598602294922,0,1,0,0,result_61_packed_2_1
-14.305021286010742,88.12542724609375,-1.515921950340271,-178.8787841796875,0,0,0,0,result_43_packed_8_1
-10.417917251586914,102.95951080322266,-1.1110434532165527,-123.32582092285156,0,0,0,0,result_50_packed_6_1
-12.209982872009277,84.29246520996094,-1.0599942207336426,-130.37928771972656,0,0,0,0,result_14_packed_1_1
-7.219618797302246,116.1178970336914,-1.3500163555145264,-167.4020233154297,0,0,0,0,result_17_packed_5_1
-21.10362434387207,97.97648620605469,-1.563029170036316,-196.94168090820312,0,0,0,0,result_7_packed_1_1
-13.995532989501953,97.29901123046875,-1.1722943782806396,-146.53680419921875,0,0,0,0,result_28_packed_2_1
-10.779852867126465,58.50878143310547,-1.2427031993865967,-141.6681671142578,0,0,0,0,result_52_packed_4_1
-4.137995719909668,56.377586364746094,-1.267642617225647,-144.51126098632812,0,0,0,0,result_52_packed_5_1
-10.174410820007324,54.906455993652344,-1.6558904647827148,-188.77151489257812,0,0,0,0,result_52_packed_1_1
-19.629989624023438,74.74771118164062,-1.1296895742416382,-114.09864044189453,0,0,0,0,result_58_packed_2_1
-25.78953742980957,98.27613067626953,-1.570810317993164,-197.92210388183594,0,0,0,0,result_7_packed_8_1
-8.387068748474121,100.32279968261719,-1.054935097694397,-114.98792266845703,0,1,0,0,result_53_packed_6_1
-3.8286547660827637,100.23505401611328,-1.1865566968917847,-129.33468627929688,0,1,0,0,result_53_packed_2_1
-8.458443641662598,97.7535171508789,-1.262813925743103,-165.42861938476562,0,0,0,0,result_51_packed_7_1
-24.987369537353516,88.05204772949219,-1.4788830280303955,-164.15602111816406,0,0,0,0,result_16_packed_7_1
-15.99466609954834,67.74054718017578,-1.6710056066513062,-178.797607421875,0,0,0,0,result_55_packed_6_1
-14.331575393676758,190.24444580078125,0.49562856554985046,56.99728775024414,0,0,0,0,result_42_packed_2_1
-14.240077018737793,92.02759552001953,-1.6126455068588257,-190.29217529296875,0,0,0,0,result_43_packed_3_1
-18.51214027404785,91.6300277709961,-1.4723622798919678,-163.4322052001953,1,0,0,0,result_16_packed_2_1
-2.971837282180786,89.93338012695312,-1.3578152656555176,-150.71749877929688,0,0,0,0,result_20_packed_4_1
-13.43700122833252,56.45708084106445,-1.7125532627105713,-195.23106384277344,0,0,0,0,result_52_packed_3_1
-10.472420692443848,114.55455780029297,-0.9286947846412659,-116.08684539794922,0,0,0,0,result_28_packed_3_1
-8.421243667602539,94.21984100341797,-1.0835963487625122,-133.2823486328125,0,0,0,0,result_14_packed_3_1
-12.34935188293457,109.67636108398438,-1.0607631206512451,-132.5953826904297,0,0,0,0,result_28_packed_5_1
-21.922603607177734,91.15225982666016,-1.3203039169311523,-146.55374145507812,0,0,0,0,result_16_packed_3_1
-17.172286987304688,109.13469696044922,-1.1498267650604248,-143.72833251953125,0,0,0,0,result_28_packed_1_1
-9.154132843017578,88.4639663696289,-1.4409674406051636,-168.5931854248047,1,0,0,0,result_13_packed_4_1
-12.219399452209473,105.04110717773438,-1.317469596862793,-166.0011749267578,0,0,0,0,result_7_packed_5_1
-16.87375259399414,78.87455749511719,-1.2856407165527344,-158.13380432128906,0,0,0,0,result_14_packed_8_1
-16.363927841186523,82.82295989990234,-1.3970329761505127,-163.45285034179688,0,0,0,0,result_62_packed_6_1
-9.333304405212402,87.18317413330078,-1.3442310094833374,-157.2750244140625,1,0,0,0,result_13_packed_7_1
-25.318374633789062,91.4092025756836,-1.4487963914871216,-160.81640625,0,0,0,0,result_16_packed_4_1
-17.63170623779297,93.7489013671875,-1.4813122749328613,-194.05191040039062,0,0,0,0,result_51_packed_2_1
-12.0574312210083,93.07192993164062,-1.5228153467178345,-199.4888153076172,0,0,0,0,result_51_packed_8_1
-22.4333553314209,93.24324798583984,-1.3585841655731201,-150.80284118652344,0,0,0,0,result_16_packed_1_1
-13.579095840454102,61.00080871582031,-1.6924309730529785,-192.9371337890625,0,0,0,0,result_52_packed_7_1
-14.186187744140625,114.72327423095703,-1.118693232536316,-140.95535278320312,0,1,0,0,result_61_packed_4_1
-14.717055320739746,96.75482177734375,-1.355481743812561,-150.45848083496094,0,0,0,0,result_16_packed_5_1
-14.878798484802246,97.64033508300781,-1.3461225032806396,-176.34205627441406,0,1,0,0,result_51_packed_6_1
-14.602994918823242,75.04124450683594,-1.489526629447937,-174.2746124267578,0,0,0,0,result_62_packed_2_1
-13.461701393127441,92.09374237060547,-1.457243800163269,-170.49752807617188,1,0,0,0,result_13_packed_8_1
-17.142839431762695,121.7947006225586,-0.9392338991165161,-118.34347534179688,0,1,0,0,result_61_packed_6_1
-19.62306022644043,90.3420639038086,-1.3995336294174194,-155.3482208251953,0,0,0,0,result_16_packed_8_1
-6.520116329193115,57.79220199584961,-1.4724644422531128,-167.86094665527344,0,0,0,0,result_52_packed_6_1
-14.51423168182373,75.73761749267578,-1.511291265487671,-176.82107543945312,1,0,0,0,result_62_packed_1_1
-26.640674591064453,104.49418640136719,-1.4417792558670044,-181.6641845703125,0,1,0,0,result_61_packed_8_1
-15.383227348327637,85.84619140625,-1.436063289642334,-178.07183837890625,0,0,0,0,result_15_packed_4_1
-13.776618003845215,81.3145523071289,-1.5478228330612183,-181.09527587890625,0,0,0,0,result_62_packed_7_1
-17.374311447143555,120.03828430175781,-1.277763843536377,-160.99822998046875,0,1,0,0,result_61_packed_3_1
-14.561127662658691,104.51692199707031,-1.017401099205017,-127.17513275146484,0,0,0,0,result_28_packed_4_1
-14.112936019897461,77.17276763916016,-1.6421672105789185,-192.13356018066406,0,0,0,0,result_62_packed_8_1
-12.759590148925781,73.88959503173828,-1.6938762664794922,-198.1835174560547,0,0,0,0,result_62_packed_5_1
-22.120006561279297,75.00328826904297,-1.2306573390960693,-151.370849609375,0,0,0,0,result_14_packed_5_1
-12.054266929626465,112.9275894165039,-0.9843329787254333,-123.04161834716797,0,0,0,0,result_28_packed_6_1
-19.057790756225586,82.96195220947266,-1.2146276235580444,-149.39920043945312,0,0,0,0,result_14_packed_2_1
-15.006275177001953,75.28216552734375,-1.794318675994873,-209.93528747558594,0,0,0,0,result_62_packed_3_1
-20.512283325195312,111.26513671875,-1.3658517599105835,-172.09732055664062,0,1,0,0,result_61_packed_1_1
-10.56595516204834,107.58724212646484,-1.1210883855819702,-140.13604736328125,0,0,0,0,result_28_packed_8_1
-15.745875358581543,76.5885009765625,-1.4708770513534546,-172.09262084960938,0,0,0,0,result_62_packed_4_1
-11.921316146850586,106.34445190429688,-1.185056209564209,-148.13201904296875,0,0,0,0,result_28_packed_7_1
-19.853002548217773,95.28765106201172,-1.3897056579589844,-182.0514373779297,0,0,0,0,result_51_packed_1_1
-13.583589553833008,92.71345520019531,-1.388318419456482,-154.1033477783203,0,0,0,0,result_16_packed_6_1
-10.717464447021484,57.487091064453125,-1.3867642879486084,-158.09112548828125,0,1,0,0,result_52_packed_8_1
-11.908578872680664,87.8883056640625,-1.0597971677780151,-130.35504150390625,0,0,0,0,result_14_packed_6_1
-15.823973655700684,113.86461639404297,-1.3195765018463135,-166.2666473388672,0,1,0,0,result_61_packed_5_1
-20.287290573120117,85.55229949951172,-1.3538488149642944,-166.52340698242188,0,0,0,0,result_14_packed_4_1
-22.709888458251953,121.30486297607422,-1.3670583963394165,-172.24935913085938,0,1,0,0,result_61_packed_7_1
